object_name,path,root_id,authority,status,file_count,path_length,notes
OneDrive-drmarchands com,/Users/drmarchandslab.com/Library/CloudStorage/OneDrive-drmarchands com,library_onedrive,institutional_memory,authority_or_active,0,71,
02_CLIENTS,/Users/drmarchandslab.com/Library/CloudStorage/OneDrive-drmarchands com/02_CLIENTS,library_onedrive,institutional_memory,authority_or_active,0,82,
Kindred_Stones,/Users/drmarchandslab.com/Library/CloudStorage/OneDrive-drmarchands com/02_CLIENTS/Kindred_Stones,library_onedrive,institutional_memory,authority_or_active,4,97,
99_SYS,/Users/drmarchandslab.com/Library/CloudStorage/OneDrive-drmarchands com/99_SYS,library_onedrive,institutional_memory,authority_or_active,0,78,
logs,/Users/drmarchandslab.com/Library/CloudStorage/OneDrive-drmarchands com/99_SYS/logs,library_onedrive,institutional_memory,authority_or_active,0,83,
OS_Imports,/Users/drmarchandslab.com/Library/CloudStorage/OneDrive-drmarchands com/99_SYS/OS_Imports,library_onedrive,institutional_memory,authority_or_active,1,89,
NFE,/Users/drmarchandslab.com/Library/CloudStorage/OneDrive-drmarchands com/99_SYS/NFE,library_onedrive,institutional_memory,authority_or_active,2,82,
bin,/Users/drmarchandslab.com/Library/CloudStorage/OneDrive-drmarchands com/99_SYS/NFE/bin,library_onedrive,institutional_memory,authority_or_active,1,86,
logs,/Users/drmarchandslab.com/Library/CloudStorage/OneDrive-drmarchands com/99_SYS/NFE/logs,library_onedrive,institutional_memory,authority_or_active,0,87,
registry,/Users/drmarchandslab.com/Library/CloudStorage/OneDrive-drmarchands com/99_SYS/NFE/registry,library_onedrive,institutional_memory,authority_or_active,23,91,
reports,/Users/drmarchandslab.com/Library/CloudStorage/OneDrive-drmarchands com/99_SYS/NFE/reports,library_onedrive,institutional_memory,authority_or_active,2,90,
registry,/Users/drmarchandslab.com/Library/CloudStorage/OneDrive-drmarchands com/99_SYS/registry,library_onedrive,institutional_memory,authority_or_active,0,87,
OS,/Users/drmarchandslab.com/Library/CloudStorage/OneDrive-drmarchands com/99_SYS/OS,library_onedrive,institutional_memory,authority_or_active,0,81,
Recordings,/Users/drmarchandslab.com/Library/CloudStorage/OneDrive-drmarchands com/99_SYS/OS/Recordings,library_onedrive,institutional_memory,authority_or_active,0,92,
Core,/Users/drmarchandslab.com/Library/CloudStorage/OneDrive-drmarchands com/99_SYS/OS/Core,library_onedrive,institutional_memory,authority_or_active,1,86,
Config,/Users/drmarchandslab.com/Library/CloudStorage/OneDrive-drmarchands com/99_SYS/OS/Config,library_onedrive,institutional_memory,authority_or_active,1,88,
Nodes,/Users/drmarchandslab.com/Library/CloudStorage/OneDrive-drmarchands com/99_SYS/OS/Nodes,library_onedrive,institutional_memory,authority_or_active,0,87,
Imports,/Users/drmarchandslab.com/Library/CloudStorage/OneDrive-drmarchands com/99_SYS/OS/Imports,library_onedrive,institutional_memory,authority_or_active,1,89,
DML_Workbench_Atlas_v4_8_8,/Users/drmarchandslab.com/Library/CloudStorage/OneDrive-drmarchands com/99_SYS/OS/Imports/DML_Workbench_Atlas_v4_8_8,library_onedrive,institutional_memory,authority_or_active,0,116,
Recovery,/Users/drmarchandslab.com/Library/CloudStorage/OneDrive-drmarchands com/99_SYS/OS/Imports/Recovery,library_onedrive,institutional_memory,authority_or_active,0,98,
GoogleDrive_Migration,/Users/drmarchandslab.com/Library/CloudStorage/OneDrive-drmarchands com/99_SYS/OS/Imports/GoogleDrive_Migration,library_onedrive,institutional_memory,boiler_room,0,111,
Google Drive (Not synced),/Users/drmarchandslab.com/Library/CloudStorage/OneDrive-drmarchands com/99_SYS/OS/Imports/GoogleDrive_Migration/Google Drive (Not synced),library_onedrive,institutional_memory,graveyard_candidate,1,137,quarantine pattern detected
Google Drive (Not synced) (1),/Users/drmarchandslab.com/Library/CloudStorage/OneDrive-drmarchands com/99_SYS/OS/Imports/GoogleDrive_Migration/Google Drive (Not synced) (1),library_onedrive,institutional_memory,graveyard_candidate,1,141,quarantine pattern detected
DML_Workbench_Atlas_v4_8_7,/Users/drmarchandslab.com/Library/CloudStorage/OneDrive-drmarchands com/99_SYS/OS/Imports/DML_Workbench_Atlas_v4_8_7,library_onedrive,institutional_memory,authority_or_active,1,116,
Upload_Cache,/Users/drmarchandslab.com/Library/CloudStorage/OneDrive-drmarchands com/99_SYS/OS/Imports/Upload_Cache,library_onedrive,institutional_memory,authority_or_active,0,102,
Desktop_Unclassified,/Users/drmarchandslab.com/Library/CloudStorage/OneDrive-drmarchands com/99_SYS/OS/Imports/Desktop_Unclassified,library_onedrive,institutional_memory,authority_or_active,0,110,
Docs,/Users/drmarchandslab.com/Library/CloudStorage/OneDrive-drmarchands com/99_SYS/OS/Docs,library_onedrive,institutional_memory,authority_or_active,2,86,
System,/Users/drmarchandslab.com/Library/CloudStorage/OneDrive-drmarchands com/99_SYS/OS/System,library_onedrive,institutional_memory,authority_or_active,0,88,
Manifest,/Users/drmarchandslab.com/Library/CloudStorage/OneDrive-drmarchands com/99_SYS/OS/System/Manifest,library_onedrive,institutional_memory,authority_or_active,0,97,
Logs,/Users/drmarchandslab.com/Library/CloudStorage/OneDrive-drmarchands com/99_SYS/OS/Logs,library_onedrive,institutional_memory,authority_or_active,0,86,
Desktop,/Users/drmarchandslab.com/Library/CloudStorage/OneDrive-drmarchands com/99_SYS/OS/Logs/Desktop,library_onedrive,institutional_memory,authority_or_active,0,94,
Users,/Users/drmarchandslab.com/Library/CloudStorage/OneDrive-drmarchands com/99_SYS/OS/Users,library_onedrive,institutional_memory,authority_or_active,1,87,
drmarchandslab.com,/Users/drmarchandslab.com/Library/CloudStorage/OneDrive-drmarchands com/99_SYS/OS/Users/drmarchandslab.com,library_onedrive,institutional_memory,authority_or_active,0,106,
Scripts,/Users/drmarchandslab.com/Library/CloudStorage/OneDrive-drmarchands com/99_SYS/OS/Scripts,library_onedrive,institutional_memory,authority_or_active,0,89,
Meetings,/Users/drmarchandslab.com/Library/CloudStorage/OneDrive-drmarchands com/99_SYS/OS/Meetings,library_onedrive,institutional_memory,authority_or_active,0,90,
Attachments,/Users/drmarchandslab.com/Library/CloudStorage/OneDrive-drmarchands com/99_SYS/OS/Attachments,library_onedrive,institutional_memory,authority_or_active,0,93,
Legal,/Users/drmarchandslab.com/Library/CloudStorage/OneDrive-drmarchands com/99_SYS/OS/Legal,library_onedrive,institutional_memory,authority_or_active,4,87,
Risk_Review,/Users/drmarchandslab.com/Library/CloudStorage/OneDrive-drmarchands com/99_SYS/OS/Legal/Risk_Review,library_onedrive,institutional_memory,authority_or_active,0,99,
Modules,/Users/drmarchandslab.com/Library/CloudStorage/OneDrive-drmarchands com/99_SYS/OS/Modules,library_onedrive,institutional_memory,authority_or_active,0,89,
09_BKIDX,/Users/drmarchandslab.com/Library/CloudStorage/OneDrive-drmarchands com/09_BKIDX,library_onedrive,institutional_memory,authority_or_active,0,80,
01_ACTIVE,/Users/drmarchandslab.com/Library/CloudStorage/OneDrive-drmarchands com/01_ACTIVE,library_onedrive,institutional_memory,authority_or_active,0,81,
05_LIB,/Users/drmarchandslab.com/Library/CloudStorage/OneDrive-drmarchands com/05_LIB,library_onedrive,institutional_memory,authority_or_active,0,78,
00_INBOX,/Users/drmarchandslab.com/Library/CloudStorage/OneDrive-drmarchands com/00_INBOX,library_onedrive,institutional_memory,authority_or_active,0,80,
06_KEJ,/Users/drmarchandslab.com/Library/CloudStorage/OneDrive-drmarchands com/06_KEJ,library_onedrive,institutional_memory,authority_or_active,0,78,
04_LAB,/Users/drmarchandslab.com/Library/CloudStorage/OneDrive-drmarchands com/04_LAB,library_onedrive,institutional_memory,authority_or_active,8,78,
Domains,/Users/drmarchandslab.com/Library/CloudStorage/OneDrive-drmarchands com/04_LAB/Domains,library_onedrive,institutional_memory,authority_or_active,0,86,
Echo,/Users/drmarchandslab.com/Library/CloudStorage/OneDrive-drmarchands com/04_LAB/Echo,library_onedrive,institutional_memory,authority_or_active,0,83,
Core,/Users/drmarchandslab.com/Library/CloudStorage/OneDrive-drmarchands com/04_LAB/Core,library_onedrive,institutional_memory,authority_or_active,0,83,
Experiments,/Users/drmarchandslab.com/Library/CloudStorage/OneDrive-drmarchands com/04_LAB/Experiments,library_onedrive,institutional_memory,authority_or_active,1,90,
BigBrother,/Users/drmarchandslab.com/Library/CloudStorage/OneDrive-drmarchands com/04_LAB/BigBrother,library_onedrive,institutional_memory,authority_or_active,0,89,
DrMarchand’s ♾️ OS™,/Users/drmarchandslab.com/Library/CloudStorage/OneDrive-drmarchands com/04_LAB/DrMarchand’s ♾️ OS™,library_onedrive,institutional_memory,authority_or_active,9,98,
📂 ROOT.🌱,/Users/drmarchandslab.com/Library/CloudStorage/OneDrive-drmarchands com/04_LAB/DrMarchand’s ♾️ OS™/📂 ROOT.🌱,library_onedrive,institutional_memory,authority_or_active,0,107,
📂 ROOT,/Users/drmarchandslab.com/Library/CloudStorage/OneDrive-drmarchands com/04_LAB/DrMarchand’s ♾️ OS™/📂 ROOT.🌱/📂 ROOT,library_onedrive,institutional_memory,authority_or_active,0,114,
🌱,/Users/drmarchandslab.com/Library/CloudStorage/OneDrive-drmarchands com/04_LAB/DrMarchand’s ♾️ OS™/📂 ROOT.🌱/🌱,library_onedrive,institutional_memory,authority_or_active,0,109,
 Backup,/Users/drmarchandslab.com/Library/CloudStorage/OneDrive-drmarchands com/04_LAB/DrMarchand’s ♾️ OS™/ Backup,library_onedrive,institutional_memory,authority_or_active,1,107,
OneDrive,/Users/drmarchandslab.com/Library/CloudStorage/OneDrive-drmarchands com/04_LAB/DrMarchand’s ♾️ OS™/ Backup/OneDrive,library_onedrive,institutional_memory,authority_or_active,1,116,
Recordings,/Users/drmarchandslab.com/Library/CloudStorage/OneDrive-drmarchands com/04_LAB/DrMarchand’s ♾️ OS™/Recordings,library_onedrive,institutional_memory,authority_or_active,0,109,
Core,/Users/drmarchandslab.com/Library/CloudStorage/OneDrive-drmarchands com/04_LAB/DrMarchand’s ♾️ OS™/Core,library_onedrive,institutional_memory,authority_or_active,0,103,
Config,/Users/drmarchandslab.com/Library/CloudStorage/OneDrive-drmarchands com/04_LAB/DrMarchand’s ♾️ OS™/Config,library_onedrive,institutional_memory,authority_or_active,0,105,
Nodes,/Users/drmarchandslab.com/Library/CloudStorage/OneDrive-drmarchands com/04_LAB/DrMarchand’s ♾️ OS™/Nodes,library_onedrive,institutional_memory,authority_or_active,0,104,
System,/Users/drmarchandslab.com/Library/CloudStorage/OneDrive-drmarchands com/04_LAB/DrMarchand’s ♾️ OS™/System,library_onedrive,institutional_memory,authority_or_active,0,105,
Manifest,/Users/drmarchandslab.com/Library/CloudStorage/OneDrive-drmarchands com/04_LAB/DrMarchand’s ♾️ OS™/System/Manifest,library_onedrive,institutional_memory,authority_or_active,0,114,
Logs,/Users/drmarchandslab.com/Library/CloudStorage/OneDrive-drmarchands com/04_LAB/DrMarchand’s ♾️ OS™/Logs,library_onedrive,institutional_memory,authority_or_active,0,103,
Scripts,/Users/drmarchandslab.com/Library/CloudStorage/OneDrive-drmarchands com/04_LAB/DrMarchand’s ♾️ OS™/Scripts,library_onedrive,institutional_memory,authority_or_active,0,106,
Meetings,/Users/drmarchandslab.com/Library/CloudStorage/OneDrive-drmarchands com/04_LAB/DrMarchand’s ♾️ OS™/Meetings,library_onedrive,institutional_memory,authority_or_active,0,107,
drmarchands-com-microsoft-pack,/Users/drmarchandslab.com/Library/CloudStorage/OneDrive-drmarchands com/04_LAB/DrMarchand’s ♾️ OS™/drmarchands-com-microsoft-pack,library_onedrive,institutional_memory,authority_or_active,0,129,
Attachments,/Users/drmarchandslab.com/Library/CloudStorage/OneDrive-drmarchands com/04_LAB/DrMarchand’s ♾️ OS™/Attachments,library_onedrive,institutional_memory,authority_or_active,0,110,
Modules,/Users/drmarchandslab.com/Library/CloudStorage/OneDrive-drmarchands com/04_LAB/DrMarchand’s ♾️ OS™/Modules,library_onedrive,institutional_memory,authority_or_active,0,106,
DrMarchands_Infinity_OS_DML_Workbench_Atlas_v4_8_7_v0_4,/Users/drmarchandslab.com/Library/CloudStorage/OneDrive-drmarchands com/04_LAB/DrMarchand’s ♾️ OS™/DrMarchands_Infinity_OS_DML_Workbench_Atlas_v4_8_7_v0_4,library_onedrive,institutional_memory,authority_or_active,0,154,
dml-workbench-atlas,/Users/drmarchandslab.com/Library/CloudStorage/OneDrive-drmarchands com/04_LAB/DrMarchand’s ♾️ OS™/DrMarchands_Infinity_OS_DML_Workbench_Atlas_v4_8_7_v0_4/dml-workbench-atlas,library_onedrive,institutional_memory,authority_or_active,0,174,
integration,/Users/drmarchandslab.com/Library/CloudStorage/OneDrive-drmarchands com/04_LAB/DrMarchand’s ♾️ OS™/DrMarchands_Infinity_OS_DML_Workbench_Atlas_v4_8_7_v0_4/integration,library_onedrive,institutional_memory,authority_or_active,0,166,
infinity-os,/Users/drmarchandslab.com/Library/CloudStorage/OneDrive-drmarchands com/04_LAB/DrMarchand’s ♾️ OS™/DrMarchands_Infinity_OS_DML_Workbench_Atlas_v4_8_7_v0_4/infinity-os,library_onedrive,institutional_memory,authority_or_active,0,166,
DrMarchands_Infinity_OS_v4_8_8_DML_Workbench_Atlas_v0_4_MERGED,/Users/drmarchandslab.com/Library/CloudStorage/OneDrive-drmarchands com/04_LAB/DrMarchand’s ♾️ OS™/DrMarchands_Infinity_OS_v4_8_8_DML_Workbench_Atlas_v0_4_MERGED,library_onedrive,institutional_memory,authority_or_active,0,161,
Imports,/Users/drmarchandslab.com/Library/CloudStorage/OneDrive-drmarchands com/04_LAB/Imports,library_onedrive,institutional_memory,authority_or_active,2,86,
Logs,/Users/drmarchandslab.com/Library/CloudStorage/OneDrive-drmarchands com/04_LAB/Logs,library_onedrive,institutional_memory,authority_or_active,0,83,
Watchdog,/Users/drmarchandslab.com/Library/CloudStorage/OneDrive-drmarchands com/04_LAB/Watchdog,library_onedrive,institutional_memory,authority_or_active,0,87,
Ops,/Users/drmarchandslab.com/Library/CloudStorage/OneDrive-drmarchands com/04_LAB/Ops,library_onedrive,institutional_memory,authority_or_active,7,82,
DrMarchand’s ♾️ OS™,/Users/drmarchandslab.com/Library/CloudStorage/OneDrive-drmarchands com/04_LAB/Ops/DrMarchand’s ♾️ OS™,library_onedrive,institutional_memory,authority_or_active,9,102,
📂 ROOT.🌱,/Users/drmarchandslab.com/Library/CloudStorage/OneDrive-drmarchands com/04_LAB/Ops/DrMarchand’s ♾️ OS™/📂 ROOT.🌱,library_onedrive,institutional_memory,authority_or_active,0,111,
 Backup,/Users/drmarchandslab.com/Library/CloudStorage/OneDrive-drmarchands com/04_LAB/Ops/DrMarchand’s ♾️ OS™/ Backup,library_onedrive,institutional_memory,authority_or_active,1,111,
Recordings,/Users/drmarchandslab.com/Library/CloudStorage/OneDrive-drmarchands com/04_LAB/Ops/DrMarchand’s ♾️ OS™/Recordings,library_onedrive,institutional_memory,authority_or_active,0,113,
Core,/Users/drmarchandslab.com/Library/CloudStorage/OneDrive-drmarchands com/04_LAB/Ops/DrMarchand’s ♾️ OS™/Core,library_onedrive,institutional_memory,authority_or_active,0,107,
Config,/Users/drmarchandslab.com/Library/CloudStorage/OneDrive-drmarchands com/04_LAB/Ops/DrMarchand’s ♾️ OS™/Config,library_onedrive,institutional_memory,authority_or_active,0,109,
Nodes,/Users/drmarchandslab.com/Library/CloudStorage/OneDrive-drmarchands com/04_LAB/Ops/DrMarchand’s ♾️ OS™/Nodes,library_onedrive,institutional_memory,authority_or_active,0,108,
System,/Users/drmarchandslab.com/Library/CloudStorage/OneDrive-drmarchands com/04_LAB/Ops/DrMarchand’s ♾️ OS™/System,library_onedrive,institutional_memory,authority_or_active,0,109,
Logs,/Users/drmarchandslab.com/Library/CloudStorage/OneDrive-drmarchands com/04_LAB/Ops/DrMarchand’s ♾️ OS™/Logs,library_onedrive,institutional_memory,authority_or_active,0,107,
Scripts,/Users/drmarchandslab.com/Library/CloudStorage/OneDrive-drmarchands com/04_LAB/Ops/DrMarchand’s ♾️ OS™/Scripts,library_onedrive,institutional_memory,authority_or_active,0,110,
Meetings,/Users/drmarchandslab.com/Library/CloudStorage/OneDrive-drmarchands com/04_LAB/Ops/DrMarchand’s ♾️ OS™/Meetings,library_onedrive,institutional_memory,authority_or_active,0,111,
drmarchands-com-microsoft-pack,/Users/drmarchandslab.com/Library/CloudStorage/OneDrive-drmarchands com/04_LAB/Ops/DrMarchand’s ♾️ OS™/drmarchands-com-microsoft-pack,library_onedrive,institutional_memory,authority_or_active,0,133,
Attachments,/Users/drmarchandslab.com/Library/CloudStorage/OneDrive-drmarchands com/04_LAB/Ops/DrMarchand’s ♾️ OS™/Attachments,library_onedrive,institutional_memory,authority_or_active,0,114,
Modules,/Users/drmarchandslab.com/Library/CloudStorage/OneDrive-drmarchands com/04_LAB/Ops/DrMarchand’s ♾️ OS™/Modules,library_onedrive,institutional_memory,authority_or_active,0,110,
DrMarchands_Infinity_OS_DML_Workbench_Atlas_v4_8_7_v0_4,/Users/drmarchandslab.com/Library/CloudStorage/OneDrive-drmarchands com/04_LAB/Ops/DrMarchand’s ♾️ OS™/DrMarchands_Infinity_OS_DML_Workbench_Atlas_v4_8_7_v0_4,library_onedrive,institutional_memory,authority_or_active,0,158,
DrMarchands_Infinity_OS_v4_8_8_DML_Workbench_Atlas_v0_4_MERGED,/Users/drmarchandslab.com/Library/CloudStorage/OneDrive-drmarchands com/04_LAB/Ops/DrMarchand’s ♾️ OS™/DrMarchands_Infinity_OS_v4_8_8_DML_Workbench_Atlas_v0_4_MERGED,library_onedrive,institutional_memory,authority_or_active,0,165,
© DrMarchand’s ⚛︎ Lab™,/Users/drmarchandslab.com/Library/CloudStorage/OneDrive-drmarchands com/04_LAB/Ops/© DrMarchand’s ⚛︎ Lab™,library_onedrive,institutional_memory,authority_or_active,1,105,
© DrMarchand’s Lab,/Users/drmarchandslab.com/Library/CloudStorage/OneDrive-drmarchands com/04_LAB/Ops/© DrMarchand’s ⚛︎ Lab™/© DrMarchand’s Lab,library_onedrive,institutional_memory,authority_or_active,0,124,
👥 Users,/Users/drmarchandslab.com/Library/CloudStorage/OneDrive-drmarchands com/04_LAB/Ops/© DrMarchand’s ⚛︎ Lab™/👥 Users,library_onedrive,institutional_memory,authority_or_active,0,113,
© DrMarchand’s ⚛︎ Lab™,/Users/drmarchandslab.com/Library/CloudStorage/OneDrive-drmarchands com/04_LAB/© DrMarchand’s ⚛︎ Lab™,library_onedrive,institutional_memory,authority_or_active,0,101,
Atlas,/Users/drmarchandslab.com/Library/CloudStorage/OneDrive-drmarchands com/04_LAB/Atlas,library_onedrive,institutional_memory,authority_or_active,0,84,
Lionheart,/Users/drmarchandslab.com/Library/CloudStorage/OneDrive-drmarchands com/04_LAB/Lionheart,library_onedrive,institutional_memory,authority_or_active,0,88,
08_ARCH,/Users/drmarchandslab.com/Library/CloudStorage/OneDrive-drmarchands com/08_ARCH,library_onedrive,institutional_memory,authority_or_active,0,79,
migrated_pending_delete,/Users/drmarchandslab.com/Library/CloudStorage/OneDrive-drmarchands com/08_ARCH/migrated_pending_delete,library_onedrive,institutional_memory,authority_or_active,0,103,
old_onedrive_roots,/Users/drmarchandslab.com/Library/CloudStorage/OneDrive-drmarchands com/08_ARCH/old_onedrive_roots,library_onedrive,institutional_memory,authority_or_active,0,98,
03_LLC,/Users/drmarchandslab.com/Library/CloudStorage/OneDrive-drmarchands com/03_LLC,library_onedrive,institutional_memory,authority_or_active,1,78,
07_CODE,/Users/drmarchandslab.com/Library/CloudStorage/OneDrive-drmarchands com/07_CODE,library_onedrive,institutional_memory,authority_or_active,0,79,
repos,/Users/drmarchandslab.com/Library/CloudStorage/OneDrive-drmarchands com/07_CODE/repos,library_onedrive,institutional_memory,authority_or_active,0,85,
scripts,/Users/drmarchandslab.com/Library/CloudStorage/OneDrive-drmarchands com/07_CODE/scripts,library_onedrive,institutional_memory,authority_or_active,0,87,
manifests,/Users/drmarchandslab.com/Library/CloudStorage/OneDrive-drmarchands com/07_CODE/manifests,library_onedrive,institutional_memory,authority_or_active,0,89,
GoogleDrive-Kyle@drmarchandslaboratory.com,/Users/drmarchandslab.com/Library/CloudStorage/GoogleDrive-Kyle@drmarchandslaboratory.com,laboratory_google,research_and_development,authority_or_active,0,89,
Other computers,/Users/drmarchandslab.com/Library/CloudStorage/GoogleDrive-Kyle@drmarchandslaboratory.com/Other computers,laboratory_google,research_and_development,graveyard_candidate,0,105,quarantine pattern detected
Shared drives,/Users/drmarchandslab.com/Library/CloudStorage/GoogleDrive-Kyle@drmarchandslaboratory.com/Shared drives,laboratory_google,research_and_development,authority_or_active,0,103,
🎬 KEJ Studio™,/Users/drmarchandslab.com/Library/CloudStorage/GoogleDrive-Kyle@drmarchandslaboratory.com/Shared drives/🎬 KEJ Studio™,laboratory_google,research_and_development,authority_or_active,1,117,
🏝️ Design Orchard℠,/Users/drmarchandslab.com/Library/CloudStorage/GoogleDrive-Kyle@drmarchandslaboratory.com/Shared drives/🏝️ Design Orchard℠,laboratory_google,research_and_development,authority_or_active,1,122,
📚 DrMarchand’s ⚛︎ Library™,/Users/drmarchandslab.com/Library/CloudStorage/GoogleDrive-Kyle@drmarchandslaboratory.com/Shared drives/📚 DrMarchand’s ⚛︎ Library™,laboratory_google,research_and_development,authority_or_active,1,130,
🔬 DrMarchand’s Lab⚛︎ratory™,/Users/drmarchandslab.com/Library/CloudStorage/GoogleDrive-Kyle@drmarchandslaboratory.com/Shared drives/🔬 DrMarchand’s Lab⚛︎ratory™,laboratory_google,research_and_development,authority_or_active,0,131,
🎨 Creative Canvas,/Users/drmarchandslab.com/Library/CloudStorage/GoogleDrive-Kyle@drmarchandslaboratory.com/Shared drives/🎨 Creative Canvas,laboratory_google,research_and_development,authority_or_active,0,121,
.shortcut-targets-by-id,/Users/drmarchandslab.com/Library/CloudStorage/GoogleDrive-Kyle@drmarchandslaboratory.com/.shortcut-targets-by-id,laboratory_google,research_and_development,graveyard_candidate,0,113,quarantine pattern detected
.Trash,/Users/drmarchandslab.com/Library/CloudStorage/GoogleDrive-Kyle@drmarchandslaboratory.com/.Trash,laboratory_google,research_and_development,graveyard_candidate,0,96,quarantine pattern detected
.mirror-symlink,/Users/drmarchandslab.com/Library/CloudStorage/GoogleDrive-Kyle@drmarchandslaboratory.com/.mirror-symlink,laboratory_google,research_and_development,authority_or_active,54,105,
.tmp,/Users/drmarchandslab.com/Library/CloudStorage/GoogleDrive-Kyle@drmarchandslaboratory.com/.tmp,laboratory_google,research_and_development,graveyard_candidate,0,94,quarantine pattern detected
My Drive,/Users/drmarchandslab.com/Library/CloudStorage/GoogleDrive-Kyle@drmarchandslaboratory.com/My Drive,laboratory_google,research_and_development,authority_or_active,12,98,
🛰️ DrMarchand’s ⚛︎ Lab™,/Users/drmarchandslab.com/Library/CloudStorage/GoogleDrive-Kyle@drmarchandslaboratory.com/My Drive/🛰️ DrMarchand’s ⚛︎ Lab™,laboratory_google,research_and_development,authority_or_active,1,122,
🏝️ Design Orchard℠.🌌,/Users/drmarchandslab.com/Library/CloudStorage/GoogleDrive-Kyle@drmarchandslaboratory.com/My Drive/🛰️ DrMarchand’s ⚛︎ Lab™/🏝️ Design Orchard℠.🌌,laboratory_google,research_and_development,authority_or_active,1,143,
🏝️ Design Orchard℠,/Users/drmarchandslab.com/Library/CloudStorage/GoogleDrive-Kyle@drmarchandslaboratory.com/My Drive/🛰️ DrMarchand’s ⚛︎ Lab™/🏝️ Design Orchard℠.🌌/🏝️ Design Orchard℠,laboratory_google,research_and_development,authority_or_active,1,162,
🌌,/Users/drmarchandslab.com/Library/CloudStorage/GoogleDrive-Kyle@drmarchandslaboratory.com/My Drive/🛰️ DrMarchand’s ⚛︎ Lab™/🏝️ Design Orchard℠.🌌/🌌,laboratory_google,research_and_development,authority_or_active,1,145,
com~apple~CloudDocs,/Users/drmarchandslab.com/Library/Mobile Documents/com~apple~CloudDocs,lab_icloud,active_apple_workbench,authority_or_active,3,70,
Adobe Scan,/Users/drmarchandslab.com/Library/Mobile Documents/com~apple~CloudDocs/Adobe Scan,lab_icloud,active_apple_workbench,authority_or_active,1,81,
🏝️ Design Orchard℠.🪐.|🇺🇸,/Users/drmarchandslab.com/Library/Mobile Documents/com~apple~CloudDocs/🏝️ Design Orchard℠.🪐.|🇺🇸,lab_icloud,active_apple_workbench,authority_or_active,5,95,
🏝️ Design Orchard℠.🪐,/Users/drmarchandslab.com/Library/Mobile Documents/com~apple~CloudDocs/🏝️ Design Orchard℠.🪐.|🇺🇸/🏝️ Design Orchard℠.🪐,lab_icloud,active_apple_workbench,authority_or_active,11,116,
🏝️ Design Orchard℠.⚛︎,/Users/drmarchandslab.com/Library/Mobile Documents/com~apple~CloudDocs/🏝️ Design Orchard℠.🪐.|🇺🇸/🏝️ Design Orchard℠.🪐/🏝️ Design Orchard℠.⚛︎,lab_icloud,active_apple_workbench,authority_or_active,4,138,
Design Orchard℠,/Users/drmarchandslab.com/Library/Mobile Documents/com~apple~CloudDocs/🏝️ Design Orchard℠.🪐.|🇺🇸/🏝️ Design Orchard℠.🪐/🏝️ Design Orchard℠.⚛︎/Design Orchard℠,lab_icloud,active_apple_workbench,authority_or_active,2,154,
Design Orchard℠.©,/Users/drmarchandslab.com/Library/Mobile Documents/com~apple~CloudDocs/🏝️ Design Orchard℠.🪐.|🇺🇸/🏝️ Design Orchard℠.🪐/Design Orchard℠.©,lab_icloud,active_apple_workbench,authority_or_active,2,134,
Adobe,/Users/drmarchandslab.com/Library/Mobile Documents/com~apple~CloudDocs/🏝️ Design Orchard℠.🪐.|🇺🇸/🏝️ Design Orchard℠.🪐/Design Orchard℠.©/Adobe,lab_icloud,active_apple_workbench,authority_or_active,1,140,
🌴 Design Orchard™.🌎.|🇺🇲,/Users/drmarchandslab.com/Library/Mobile Documents/com~apple~CloudDocs/🏝️ Design Orchard℠.🪐.|🇺🇸/🏝️ Design Orchard℠.🪐/🌴 Design Orchard™.🌎.|🇺🇲,lab_icloud,active_apple_workbench,authority_or_active,3,140,
🛰️ DrMarchand’s ⚛︎ Lab™.🌐,/Users/drmarchandslab.com/Library/Mobile Documents/com~apple~CloudDocs/🏝️ Design Orchard℠.🪐.|🇺🇸/🏝️ Design Orchard℠.🪐/🌴 Design Orchard™.🌎.|🇺🇲/🛰️ DrMarchand’s ⚛︎ Lab™.🌐,lab_icloud,active_apple_workbench,authority_or_active,3,166,
Downloads,/Users/drmarchandslab.com/Library/Mobile Documents/com~apple~CloudDocs/Downloads,lab_icloud,active_apple_workbench,authority_or_active,1,80,
Dropbox-Kejstudio,/Users/drmarchandslab.com/Library/CloudStorage/Dropbox-Kejstudio,creative_canvas_dropbox,creative_production,authority_or_active,1,64,
KEJ Studio™,/Users/drmarchandslab.com/Library/CloudStorage/Dropbox-Kejstudio/KEJ Studio™,creative_canvas_dropbox,creative_production,authority_or_active,3,76,
© KEJ Studio,/Users/drmarchandslab.com/Library/CloudStorage/Dropbox-Kejstudio/KEJ Studio™/© KEJ Studio,creative_canvas_dropbox,creative_production,authority_or_active,0,89,
Adobe,/Users/drmarchandslab.com/Library/CloudStorage/Dropbox-Kejstudio/KEJ Studio™/© KEJ Studio/Adobe,creative_canvas_dropbox,creative_production,authority_or_active,1,95,
Adobe Media Encoder,/Users/drmarchandslab.com/Library/CloudStorage/Dropbox-Kejstudio/KEJ Studio™/© KEJ Studio/Adobe/Adobe Media Encoder,creative_canvas_dropbox,creative_production,authority_or_active,1,115,
Adobe Media Encoder (Beta),/Users/drmarchandslab.com/Library/CloudStorage/Dropbox-Kejstudio/KEJ Studio™/© KEJ Studio/Adobe/Adobe Media Encoder (Beta),creative_canvas_dropbox,creative_production,authority_or_active,1,122,
Camera Uploads,/Users/drmarchandslab.com/Library/CloudStorage/Dropbox-Kejstudio/KEJ Studio™/Camera Uploads,creative_canvas_dropbox,creative_production,authority_or_active,9619,91,
🎥 KEJ Studio℠,/Users/drmarchandslab.com/Library/CloudStorage/Dropbox-Kejstudio/KEJ Studio™/🎥 KEJ Studio℠,creative_canvas_dropbox,creative_production,authority_or_active,6,90,
🎥 KEJ Studio℠.🏢,/Users/drmarchandslab.com/Library/CloudStorage/Dropbox-Kejstudio/KEJ Studio™/🎥 KEJ Studio℠/🎥 KEJ Studio℠.🏢,creative_canvas_dropbox,creative_production,authority_or_active,4,106,
📤 Outbox.KEJ Studio™,/Users/drmarchandslab.com/Library/CloudStorage/Dropbox-Kejstudio/KEJ Studio™/🎥 KEJ Studio℠/🎥 KEJ Studio℠.🏢/📤 Outbox.KEJ Studio™,creative_canvas_dropbox,creative_production,authority_or_active,1,127,
📬 inbox.KEJ Studio™,/Users/drmarchandslab.com/Library/CloudStorage/Dropbox-Kejstudio/KEJ Studio™/🎥 KEJ Studio℠/🎥 KEJ Studio℠.🏢/📬 inbox.KEJ Studio™,creative_canvas_dropbox,creative_production,authority_or_active,1,126,
🏝️ Design Orchard℠.🎥.📨,/Users/drmarchandslab.com/Library/CloudStorage/Dropbox-Kejstudio/KEJ Studio™/🏝️ Design Orchard℠.🎥.📨,creative_canvas_dropbox,creative_production,authority_or_active,9,99,
∞ OS™,/Users/drmarchandslab.com/Library/CloudStorage/Dropbox-Kejstudio/KEJ Studio™/🏝️ Design Orchard℠.🎥.📨/∞ OS™,creative_canvas_dropbox,creative_production,authority_or_active,5,105,
∞ OS.™,/Users/drmarchandslab.com/Library/CloudStorage/Dropbox-Kejstudio/KEJ Studio™/🏝️ Design Orchard℠.🎥.📨/∞ OS™/∞ OS.™,creative_canvas_dropbox,creative_production,authority_or_active,1,112,
Node.Dropbox.🏝️,/Users/drmarchandslab.com/Library/CloudStorage/Dropbox-Kejstudio/KEJ Studio™/🏝️ Design Orchard℠.🎥.📨/∞ OS™/Node.Dropbox.🏝️,creative_canvas_dropbox,creative_production,authority_or_active,0,121,
drmarchand-google-workspace-pack,/Users/drmarchandslab.com/Library/CloudStorage/Dropbox-Kejstudio/KEJ Studio™/🏝️ Design Orchard℠.🎥.📨/∞ OS™/drmarchand-google-workspace-pack,creative_canvas_dropbox,creative_production,authority_or_active,2,138,
📚 DrMarchand’s ⚛︎ Library™,/Users/drmarchandslab.com/Library/CloudStorage/Dropbox-Kejstudio/KEJ Studio™/🏝️ Design Orchard℠.🎥.📨/∞ OS™/📚 DrMarchand’s ⚛︎ Library™,creative_canvas_dropbox,creative_production,authority_or_active,0,132,
_NFE_BRIDGE_DO_NOT_DELETE,/Users/drmarchandslab.com/Library/CloudStorage/Dropbox-Kejstudio/KEJ Studio™/🏝️ Design Orchard℠.🎥.📨/∞ OS™/_NFE_BRIDGE_DO_NOT_DELETE,creative_canvas_dropbox,creative_production,boiler_room,1,131,
design-orchard-dropbox-pack,/Users/drmarchandslab.com/Library/CloudStorage/Dropbox-Kejstudio/KEJ Studio™/🏝️ Design Orchard℠.🎥.📨/∞ OS™/design-orchard-dropbox-pack,creative_canvas_dropbox,creative_production,authority_or_active,2,133,
Design Orchard LLC - FULL X.DR SYSTEM - ROOT TEST,/Users/drmarchandslab.com/Library/CloudStorage/Dropbox-Kejstudio/KEJ Studio™/🏝️ Design Orchard℠.🎥.📨/∞ OS™/Design Orchard LLC - FULL X.DR SYSTEM - ROOT TEST,creative_canvas_dropbox,creative_production,authority_or_active,0,155,
🏝️ Design Orchard℠.🖨️,/Users/drmarchandslab.com/Library/CloudStorage/Dropbox-Kejstudio/KEJ Studio™/🏝️ Design Orchard℠.🎥.📨/🏝️ Design Orchard℠.🖨️,creative_canvas_dropbox,creative_production,authority_or_active,4,121,
Design Orchard LLC 🤝 Naples Print Source,/Users/drmarchandslab.com/Library/CloudStorage/Dropbox-Kejstudio/KEJ Studio™/🏝️ Design Orchard℠.🎥.📨/🏝️ Design Orchard℠.🖨️/Design Orchard LLC 🤝 Naples Print Source,creative_canvas_dropbox,creative_production,authority_or_active,0,162,
🌴 Design Orchard LLC ©.🖨️,/Users/drmarchandslab.com/Library/CloudStorage/Dropbox-Kejstudio/KEJ Studio™/🏝️ Design Orchard℠.🎥.📨/🏝️ Design Orchard℠.🖨️/🌴 Design Orchard LLC ©.🖨️,creative_canvas_dropbox,creative_production,authority_or_active,0,147,
🏝️ Design Orchard℠.🎥,/Users/drmarchandslab.com/Library/CloudStorage/Dropbox-Kejstudio/KEJ Studio™/🏝️ Design Orchard℠.🎥.📨/🏝️ Design Orchard℠.🎥,creative_canvas_dropbox,creative_production,authority_or_active,3,120,
🏝️ Design Orchard℠.🎬,/Users/drmarchandslab.com/Library/CloudStorage/Dropbox-Kejstudio/KEJ Studio™/🏝️ Design Orchard℠.🎥.📨/🏝️ Design Orchard℠.🎥/🏝️ Design Orchard℠.🎬,creative_canvas_dropbox,creative_production,authority_or_active,0,141,
🎨 Creative Canvas,/Users/drmarchandslab.com/Library/CloudStorage/Dropbox-Kejstudio/KEJ Studio™/🏝️ Design Orchard℠.🎥.📨/🎨 Creative Canvas,creative_canvas_dropbox,creative_production,authority_or_active,0,117,
KEJ Studio™.📨,/Users/drmarchandslab.com/Library/CloudStorage/Dropbox-Kejstudio/KEJ Studio™/🏝️ Design Orchard℠.🎥.📨/🎨 Creative Canvas/KEJ Studio™.📨,creative_canvas_dropbox,creative_production,authority_or_active,3,131,
🏝️ Design Orchard℠.🎨,/Users/drmarchandslab.com/Library/CloudStorage/Dropbox-Kejstudio/KEJ Studio™/🏝️ Design Orchard℠.🎥.📨/🎨 Creative Canvas/🏝️ Design Orchard℠.🎨,creative_canvas_dropbox,creative_production,authority_or_active,7,138,
🎨 Creative Canvas,/Users/drmarchandslab.com/Library/CloudStorage/Dropbox-Kejstudio/KEJ Studio™/🎨 Creative Canvas,creative_canvas_dropbox,creative_production,authority_or_active,6,94,
🎨 Creative Canvas.🧑‍🎨,/Users/drmarchandslab.com/Library/CloudStorage/Dropbox-Kejstudio/KEJ Studio™/🎨 Creative Canvas/🎨 Creative Canvas.🧑‍🎨,creative_canvas_dropbox,creative_production,authority_or_active,2,116,
🎨 Creative Canvas.👨‍🎨,/Users/drmarchandslab.com/Library/CloudStorage/Dropbox-Kejstudio/KEJ Studio™/🎨 Creative Canvas/🎨 Creative Canvas.🧑‍🎨/🎨 Creative Canvas.👨‍🎨,creative_canvas_dropbox,creative_production,authority_or_active,2,138,
KEJ Studio™.📨,/Users/drmarchandslab.com/Library/CloudStorage/Dropbox-Kejstudio/KEJ Studio™/🎨 Creative Canvas/KEJ Studio™.📨,creative_canvas_dropbox,creative_production,authority_or_active,4,108,
Node.Dropbox.🎨,/Users/drmarchandslab.com/Library/CloudStorage/Dropbox-Kejstudio/KEJ Studio™/🎨 Creative Canvas/KEJ Studio™.📨/Node.Dropbox.🎨,creative_canvas_dropbox,creative_production,authority_or_active,0,123,
🎬 KEJ Studio.📨,/Users/drmarchandslab.com/Library/CloudStorage/Dropbox-Kejstudio/KEJ Studio™/🎨 Creative Canvas/KEJ Studio™.📨/🎬 KEJ Studio.📨,creative_canvas_dropbox,creative_production,authority_or_active,0,123,
🎬 KEJ Studio™.📤,/Users/drmarchandslab.com/Library/CloudStorage/Dropbox-Kejstudio/KEJ Studio™/🎨 Creative Canvas/KEJ Studio™.📨/🎬 KEJ Studio™.📤,creative_canvas_dropbox,creative_production,authority_or_active,0,124,
design@kejstudio.📧,/Users/drmarchandslab.com/Library/CloudStorage/Dropbox-Kejstudio/KEJ Studio™/🎨 Creative Canvas/KEJ Studio™.📨/design@kejstudio.📧,creative_canvas_dropbox,creative_production,authority_or_active,0,127,
DesignOrchardLLC_KEJ_CreativeCanvas_FullSystemPack,/Users/drmarchandslab.com/Library/CloudStorage/Dropbox-Kejstudio/KEJ Studio™/🎨 Creative Canvas/KEJ Studio™.📨/DesignOrchardLLC_KEJ_CreativeCanvas_FullSystemPack,creative_canvas_dropbox,creative_production,authority_or_active,4,159,
🎨 Creative Canvas.🖌,/Users/drmarchandslab.com/Library/CloudStorage/Dropbox-Kejstudio/KEJ Studio™/🎨 Creative Canvas/🎨 Creative Canvas.🖌,creative_canvas_dropbox,creative_production,authority_or_active,1,114,
🖌 Artwork,/Users/drmarchandslab.com/Library/CloudStorage/Dropbox-Kejstudio/KEJ Studio™/🎨 Creative Canvas/🎨 Creative Canvas.🖌/🖌 Artwork,creative_canvas_dropbox,creative_production,authority_or_active,7,124,
🖨️ [3099] Naples Print Source.🏝️,/Users/drmarchandslab.com/Library/CloudStorage/Dropbox-Kejstudio/KEJ Studio™/🎨 Creative Canvas/🖨️ [3099] Naples Print Source.🏝️,creative_canvas_dropbox,creative_production,authority_or_active,2,127,
N 22735 folded rack card for Kindred stones 8 x 7-14 PACKAGE,/Users/drmarchandslab.com/Library/CloudStorage/Dropbox-Kejstudio/KEJ Studio™/N 22735 folded rack card for Kindred stones 8 x 7-14 PACKAGE,creative_canvas_dropbox,creative_production,authority_or_active,5,137,
Document fonts,/Users/drmarchandslab.com/Library/CloudStorage/Dropbox-Kejstudio/KEJ Studio™/N 22735 folded rack card for Kindred stones 8 x 7-14 PACKAGE/Document fonts,creative_canvas_dropbox,creative_production,authority_or_active,6,152,
Links,/Users/drmarchandslab.com/Library/CloudStorage/Dropbox-Kejstudio/KEJ Studio™/N 22735 folded rack card for Kindred stones 8 x 7-14 PACKAGE/Links,creative_canvas_dropbox,creative_production,authority_or_active,15,143,
.Trash,/Users/drmarchandslab.com/Library/CloudStorage/Dropbox-Kejstudio/.Trash,creative_canvas_dropbox,creative_production,graveyard_candidate,0,71,quarantine pattern detected
echo-discord-bot,/Users/drmarchandslab.com/Developer/NFE/echo-discord-bot,code_github,code_and_registry_authority,authority_or_active,17,56,
docs,/Users/drmarchandslab.com/Developer/NFE/echo-discord-bot/docs,code_github,code_and_registry_authority,authority_or_active,0,61,
security,/Users/drmarchandslab.com/Developer/NFE/echo-discord-bot/docs/security,code_github,code_and_registry_authority,authority_or_active,1,70,
laboratory,/Users/drmarchandslab.com/Developer/NFE/echo-discord-bot/docs/laboratory,code_github,code_and_registry_authority,authority_or_active,1,72,
business,/Users/drmarchandslab.com/Developer/NFE/echo-discord-bot/docs/business,code_github,code_and_registry_authority,authority_or_active,3,70,
storage,/Users/drmarchandslab.com/Developer/NFE/echo-discord-bot/docs/storage,code_github,code_and_registry_authority,authority_or_active,1,69,
architecture,/Users/drmarchandslab.com/Developer/NFE/echo-discord-bot/docs/architecture,code_github,code_and_registry_authority,authority_or_active,4,74,
provenance,/Users/drmarchandslab.com/Developer/NFE/echo-discord-bot/docs/provenance,code_github,code_and_registry_authority,authority_or_active,2,72,
history,/Users/drmarchandslab.com/Developer/NFE/echo-discord-bot/docs/history,code_github,code_and_registry_authority,authority_or_active,1,69,
governance,/Users/drmarchandslab.com/Developer/NFE/echo-discord-bot/docs/governance,code_github,code_and_registry_authority,authority_or_active,3,72,
infrastructure,/Users/drmarchandslab.com/Developer/NFE/echo-discord-bot/docs/infrastructure,code_github,code_and_registry_authority,authority_or_active,1,76,
legal,/Users/drmarchandslab.com/Developer/NFE/echo-discord-bot/docs/legal,code_github,code_and_registry_authority,authority_or_active,1,67,
standards,/Users/drmarchandslab.com/Developer/NFE/echo-discord-bot/docs/standards,code_github,code_and_registry_authority,authority_or_active,1,71,
logs,/Users/drmarchandslab.com/Developer/NFE/echo-discord-bot/logs,code_github,code_and_registry_authority,authority_or_active,0,61,
establishment,/Users/drmarchandslab.com/Developer/NFE/echo-discord-bot/logs/establishment,code_github,code_and_registry_authority,authority_or_active,0,75,
scripts,/Users/drmarchandslab.com/Developer/NFE/echo-discord-bot/scripts,code_github,code_and_registry_authority,authority_or_active,7,64,
registry,/Users/drmarchandslab.com/Developer/NFE/echo-discord-bot/registry,code_github,code_and_registry_authority,authority_or_active,0,65,
security,/Users/drmarchandslab.com/Developer/NFE/echo-discord-bot/registry/security,code_github,code_and_registry_authority,authority_or_active,1,74,
nodes,/Users/drmarchandslab.com/Developer/NFE/echo-discord-bot/registry/nodes,code_github,code_and_registry_authority,authority_or_active,1,71,
laboratory,/Users/drmarchandslab.com/Developer/NFE/echo-discord-bot/registry/laboratory,code_github,code_and_registry_authority,authority_or_active,1,76,
business,/Users/drmarchandslab.com/Developer/NFE/echo-discord-bot/registry/business,code_github,code_and_registry_authority,authority_or_active,4,74,
storage,/Users/drmarchandslab.com/Developer/NFE/echo-discord-bot/registry/storage,code_github,code_and_registry_authority,authority_or_active,3,73,
provenance,/Users/drmarchandslab.com/Developer/NFE/echo-discord-bot/registry/provenance,code_github,code_and_registry_authority,authority_or_active,0,76,
workbench,/Users/drmarchandslab.com/Developer/NFE/echo-discord-bot/registry/workbench,code_github,code_and_registry_authority,authority_or_active,0,75,
infrastructure,/Users/drmarchandslab.com/Developer/NFE/echo-discord-bot/registry/infrastructure,code_github,code_and_registry_authority,authority_or_active,2,80,
intellectual-property,/Users/drmarchandslab.com/Developer/NFE/echo-discord-bot/registry/intellectual-property,code_github,code_and_registry_authority,authority_or_active,2,87,
protocols,/Users/drmarchandslab.com/Developer/NFE/echo-discord-bot/registry/protocols,code_github,code_and_registry_authority,authority_or_active,1,75,
standards,/Users/drmarchandslab.com/Developer/NFE/echo-discord-bot/registry/standards,code_github,code_and_registry_authority,authority_or_active,1,75,
.git,/Users/drmarchandslab.com/Developer/NFE/echo-discord-bot/.git,code_github,code_and_registry_authority,authority_or_active,7,61,
objects,/Users/drmarchandslab.com/Developer/NFE/echo-discord-bot/.git/objects,code_github,code_and_registry_authority,authority_or_active,0,69,
95,/Users/drmarchandslab.com/Developer/NFE/echo-discord-bot/.git/objects/95,code_github,code_and_registry_authority,authority_or_active,1,72,
59,/Users/drmarchandslab.com/Developer/NFE/echo-discord-bot/.git/objects/59,code_github,code_and_registry_authority,authority_or_active,2,72,
66,/Users/drmarchandslab.com/Developer/NFE/echo-discord-bot/.git/objects/66,code_github,code_and_registry_authority,authority_or_active,1,72,
3e,/Users/drmarchandslab.com/Developer/NFE/echo-discord-bot/.git/objects/3e,code_github,code_and_registry_authority,authority_or_active,3,72,
68,/Users/drmarchandslab.com/Developer/NFE/echo-discord-bot/.git/objects/68,code_github,code_and_registry_authority,authority_or_active,2,72,
57,/Users/drmarchandslab.com/Developer/NFE/echo-discord-bot/.git/objects/57,code_github,code_and_registry_authority,authority_or_active,1,72,
6f,/Users/drmarchandslab.com/Developer/NFE/echo-discord-bot/.git/objects/6f,code_github,code_and_registry_authority,authority_or_active,1,72,
03,/Users/drmarchandslab.com/Developer/NFE/echo-discord-bot/.git/objects/03,code_github,code_and_registry_authority,authority_or_active,1,72,
9b,/Users/drmarchandslab.com/Developer/NFE/echo-discord-bot/.git/objects/9b,code_github,code_and_registry_authority,authority_or_active,1,72,
6a,/Users/drmarchandslab.com/Developer/NFE/echo-discord-bot/.git/objects/6a,code_github,code_and_registry_authority,authority_or_active,1,72,
32,/Users/drmarchandslab.com/Developer/NFE/echo-discord-bot/.git/objects/32,code_github,code_and_registry_authority,authority_or_active,1,72,
3c,/Users/drmarchandslab.com/Developer/NFE/echo-discord-bot/.git/objects/3c,code_github,code_and_registry_authority,authority_or_active,2,72,
56,/Users/drmarchandslab.com/Developer/NFE/echo-discord-bot/.git/objects/56,code_github,code_and_registry_authority,authority_or_active,1,72,
3d,/Users/drmarchandslab.com/Developer/NFE/echo-discord-bot/.git/objects/3d,code_github,code_and_registry_authority,authority_or_active,2,72,
58,/Users/drmarchandslab.com/Developer/NFE/echo-discord-bot/.git/objects/58,code_github,code_and_registry_authority,authority_or_active,2,72,
67,/Users/drmarchandslab.com/Developer/NFE/echo-discord-bot/.git/objects/67,code_github,code_and_registry_authority,authority_or_active,1,72,
0e,/Users/drmarchandslab.com/Developer/NFE/echo-discord-bot/.git/objects/0e,code_github,code_and_registry_authority,authority_or_active,1,72,
34,/Users/drmarchandslab.com/Developer/NFE/echo-discord-bot/.git/objects/34,code_github,code_and_registry_authority,authority_or_active,1,72,
5f,/Users/drmarchandslab.com/Developer/NFE/echo-discord-bot/.git/objects/5f,code_github,code_and_registry_authority,authority_or_active,1,72,
33,/Users/drmarchandslab.com/Developer/NFE/echo-discord-bot/.git/objects/33,code_github,code_and_registry_authority,authority_or_active,2,72,
9c,/Users/drmarchandslab.com/Developer/NFE/echo-discord-bot/.git/objects/9c,code_github,code_and_registry_authority,authority_or_active,1,72,
02,/Users/drmarchandslab.com/Developer/NFE/echo-discord-bot/.git/objects/02,code_github,code_and_registry_authority,authority_or_active,1,72,
a4,/Users/drmarchandslab.com/Developer/NFE/echo-discord-bot/.git/objects/a4,code_github,code_and_registry_authority,authority_or_active,1,72,
b5,/Users/drmarchandslab.com/Developer/NFE/echo-discord-bot/.git/objects/b5,code_github,code_and_registry_authority,authority_or_active,1,72,
b2,/Users/drmarchandslab.com/Developer/NFE/echo-discord-bot/.git/objects/b2,code_github,code_and_registry_authority,authority_or_active,1,72,
d9,/Users/drmarchandslab.com/Developer/NFE/echo-discord-bot/.git/objects/d9,code_github,code_and_registry_authority,authority_or_active,1,72,
ac,/Users/drmarchandslab.com/Developer/NFE/echo-discord-bot/.git/objects/ac,code_github,code_and_registry_authority,authority_or_active,2,72,
ad,/Users/drmarchandslab.com/Developer/NFE/echo-discord-bot/.git/objects/ad,code_github,code_and_registry_authority,authority_or_active,2,72,
d7,/Users/drmarchandslab.com/Developer/NFE/echo-discord-bot/.git/objects/d7,code_github,code_and_registry_authority,authority_or_active,1,72,
df,/Users/drmarchandslab.com/Developer/NFE/echo-discord-bot/.git/objects/df,code_github,code_and_registry_authority,authority_or_active,1,72,
da,/Users/drmarchandslab.com/Developer/NFE/echo-discord-bot/.git/objects/da,code_github,code_and_registry_authority,authority_or_active,1,72,
a2,/Users/drmarchandslab.com/Developer/NFE/echo-discord-bot/.git/objects/a2,code_github,code_and_registry_authority,authority_or_active,2,72,
a5,/Users/drmarchandslab.com/Developer/NFE/echo-discord-bot/.git/objects/a5,code_github,code_and_registry_authority,authority_or_active,1,72,
bd,/Users/drmarchandslab.com/Developer/NFE/echo-discord-bot/.git/objects/bd,code_github,code_and_registry_authority,authority_or_active,1,72,
d6,/Users/drmarchandslab.com/Developer/NFE/echo-discord-bot/.git/objects/d6,code_github,code_and_registry_authority,authority_or_active,2,72,
bc,/Users/drmarchandslab.com/Developer/NFE/echo-discord-bot/.git/objects/bc,code_github,code_and_registry_authority,authority_or_active,1,72,
f3,/Users/drmarchandslab.com/Developer/NFE/echo-discord-bot/.git/objects/f3,code_github,code_and_registry_authority,authority_or_active,2,72,
eb,/Users/drmarchandslab.com/Developer/NFE/echo-discord-bot/.git/objects/eb,code_github,code_and_registry_authority,authority_or_active,1,72,
c0,/Users/drmarchandslab.com/Developer/NFE/echo-discord-bot/.git/objects/c0,code_github,code_and_registry_authority,authority_or_active,3,72,
ee,/Users/drmarchandslab.com/Developer/NFE/echo-discord-bot/.git/objects/ee,code_github,code_and_registry_authority,authority_or_active,1,72,
fc,/Users/drmarchandslab.com/Developer/NFE/echo-discord-bot/.git/objects/fc,code_github,code_and_registry_authority,authority_or_active,2,72,
f5,/Users/drmarchandslab.com/Developer/NFE/echo-discord-bot/.git/objects/f5,code_github,code_and_registry_authority,authority_or_active,3,72,
cf,/Users/drmarchandslab.com/Developer/NFE/echo-discord-bot/.git/objects/cf,code_github,code_and_registry_authority,authority_or_active,1,72,
fe,/Users/drmarchandslab.com/Developer/NFE/echo-discord-bot/.git/objects/fe,code_github,code_and_registry_authority,authority_or_active,1,72,
c8,/Users/drmarchandslab.com/Developer/NFE/echo-discord-bot/.git/objects/c8,code_github,code_and_registry_authority,authority_or_active,2,72,
c6,/Users/drmarchandslab.com/Developer/NFE/echo-discord-bot/.git/objects/c6,code_github,code_and_registry_authority,authority_or_active,1,72,
4e,/Users/drmarchandslab.com/Developer/NFE/echo-discord-bot/.git/objects/4e,code_github,code_and_registry_authority,authority_or_active,1,72,
20,/Users/drmarchandslab.com/Developer/NFE/echo-discord-bot/.git/objects/20,code_github,code_and_registry_authority,authority_or_active,4,72,
18,/Users/drmarchandslab.com/Developer/NFE/echo-discord-bot/.git/objects/18,code_github,code_and_registry_authority,authority_or_active,1,72,
4b,/Users/drmarchandslab.com/Developer/NFE/echo-discord-bot/.git/objects/4b,code_github,code_and_registry_authority,authority_or_active,1,72,
pack,/Users/drmarchandslab.com/Developer/NFE/echo-discord-bot/.git/objects/pack,code_github,code_and_registry_authority,authority_or_active,3,74,
11,/Users/drmarchandslab.com/Developer/NFE/echo-discord-bot/.git/objects/11,code_github,code_and_registry_authority,authority_or_active,1,72,
7d,/Users/drmarchandslab.com/Developer/NFE/echo-discord-bot/.git/objects/7d,code_github,code_and_registry_authority,authority_or_active,2,72,
29,/Users/drmarchandslab.com/Developer/NFE/echo-discord-bot/.git/objects/29,code_github,code_and_registry_authority,authority_or_active,2,72,
7c,/Users/drmarchandslab.com/Developer/NFE/echo-discord-bot/.git/objects/7c,code_github,code_and_registry_authority,authority_or_active,1,72,
16,/Users/drmarchandslab.com/Developer/NFE/echo-discord-bot/.git/objects/16,code_github,code_and_registry_authority,authority_or_active,1,72,
45,/Users/drmarchandslab.com/Developer/NFE/echo-discord-bot/.git/objects/45,code_github,code_and_registry_authority,authority_or_active,2,72,
1f,/Users/drmarchandslab.com/Developer/NFE/echo-discord-bot/.git/objects/1f,code_github,code_and_registry_authority,authority_or_active,2,72,
73,/Users/drmarchandslab.com/Developer/NFE/echo-discord-bot/.git/objects/73,code_github,code_and_registry_authority,authority_or_active,2,72,
7b,/Users/drmarchandslab.com/Developer/NFE/echo-discord-bot/.git/objects/7b,code_github,code_and_registry_authority,authority_or_active,2,72,
8a,/Users/drmarchandslab.com/Developer/NFE/echo-discord-bot/.git/objects/8a,code_github,code_and_registry_authority,authority_or_active,1,72,
10,/Users/drmarchandslab.com/Developer/NFE/echo-discord-bot/.git/objects/10,code_github,code_and_registry_authority,authority_or_active,2,72,
21,/Users/drmarchandslab.com/Developer/NFE/echo-discord-bot/.git/objects/21,code_github,code_and_registry_authority,authority_or_active,1,72,
75,/Users/drmarchandslab.com/Developer/NFE/echo-discord-bot/.git/objects/75,code_github,code_and_registry_authority,authority_or_active,1,72,
81,/Users/drmarchandslab.com/Developer/NFE/echo-discord-bot/.git/objects/81,code_github,code_and_registry_authority,authority_or_active,1,72,
86,/Users/drmarchandslab.com/Developer/NFE/echo-discord-bot/.git/objects/86,code_github,code_and_registry_authority,authority_or_active,2,72,
2a,/Users/drmarchandslab.com/Developer/NFE/echo-discord-bot/.git/objects/2a,code_github,code_and_registry_authority,authority_or_active,1,72,
88,/Users/drmarchandslab.com/Developer/NFE/echo-discord-bot/.git/objects/88,code_github,code_and_registry_authority,authority_or_active,1,72,
9f,/Users/drmarchandslab.com/Developer/NFE/echo-discord-bot/.git/objects/9f,code_github,code_and_registry_authority,authority_or_active,1,72,
6b,/Users/drmarchandslab.com/Developer/NFE/echo-discord-bot/.git/objects/6b,code_github,code_and_registry_authority,authority_or_active,3,72,
38,/Users/drmarchandslab.com/Developer/NFE/echo-discord-bot/.git/objects/38,code_github,code_and_registry_authority,authority_or_active,1,72,
6e,/Users/drmarchandslab.com/Developer/NFE/echo-discord-bot/.git/objects/6e,code_github,code_and_registry_authority,authority_or_active,1,72,
9a,/Users/drmarchandslab.com/Developer/NFE/echo-discord-bot/.git/objects/9a,code_github,code_and_registry_authority,authority_or_active,1,72,
36,/Users/drmarchandslab.com/Developer/NFE/echo-discord-bot/.git/objects/36,code_github,code_and_registry_authority,authority_or_active,1,72,
5c,/Users/drmarchandslab.com/Developer/NFE/echo-discord-bot/.git/objects/5c,code_github,code_and_registry_authority,authority_or_active,1,72,
5d,/Users/drmarchandslab.com/Developer/NFE/echo-discord-bot/.git/objects/5d,code_github,code_and_registry_authority,authority_or_active,2,72,
31,/Users/drmarchandslab.com/Developer/NFE/echo-discord-bot/.git/objects/31,code_github,code_and_registry_authority,authority_or_active,3,72,
info,/Users/drmarchandslab.com/Developer/NFE/echo-discord-bot/.git/objects/info,code_github,code_and_registry_authority,authority_or_active,0,74,
91,/Users/drmarchandslab.com/Developer/NFE/echo-discord-bot/.git/objects/91,code_github,code_and_registry_authority,authority_or_active,1,72,
65,/Users/drmarchandslab.com/Developer/NFE/echo-discord-bot/.git/objects/65,code_github,code_and_registry_authority,authority_or_active,1,72,
62,/Users/drmarchandslab.com/Developer/NFE/echo-discord-bot/.git/objects/62,code_github,code_and_registry_authority,authority_or_active,1,72,
96,/Users/drmarchandslab.com/Developer/NFE/echo-discord-bot/.git/objects/96,code_github,code_and_registry_authority,authority_or_active,1,72,
3a,/Users/drmarchandslab.com/Developer/NFE/echo-discord-bot/.git/objects/3a,code_github,code_and_registry_authority,authority_or_active,1,72,
54,/Users/drmarchandslab.com/Developer/NFE/echo-discord-bot/.git/objects/54,code_github,code_and_registry_authority,authority_or_active,2,72,
53,/Users/drmarchandslab.com/Developer/NFE/echo-discord-bot/.git/objects/53,code_github,code_and_registry_authority,authority_or_active,2,72,
30,/Users/drmarchandslab.com/Developer/NFE/echo-discord-bot/.git/objects/30,code_github,code_and_registry_authority,authority_or_active,1,72,
5b,/Users/drmarchandslab.com/Developer/NFE/echo-discord-bot/.git/objects/5b,code_github,code_and_registry_authority,authority_or_active,2,72,
08,/Users/drmarchandslab.com/Developer/NFE/echo-discord-bot/.git/objects/08,code_github,code_and_registry_authority,authority_or_active,2,72,
01,/Users/drmarchandslab.com/Developer/NFE/echo-discord-bot/.git/objects/01,code_github,code_and_registry_authority,authority_or_active,1,72,
06,/Users/drmarchandslab.com/Developer/NFE/echo-discord-bot/.git/objects/06,code_github,code_and_registry_authority,authority_or_active,3,72,
6c,/Users/drmarchandslab.com/Developer/NFE/echo-discord-bot/.git/objects/6c,code_github,code_and_registry_authority,authority_or_active,3,72,
39,/Users/drmarchandslab.com/Developer/NFE/echo-discord-bot/.git/objects/39,code_github,code_and_registry_authority,authority_or_active,1,72,
99,/Users/drmarchandslab.com/Developer/NFE/echo-discord-bot/.git/objects/99,code_github,code_and_registry_authority,authority_or_active,1,72,
52,/Users/drmarchandslab.com/Developer/NFE/echo-discord-bot/.git/objects/52,code_github,code_and_registry_authority,authority_or_active,1,72,
55,/Users/drmarchandslab.com/Developer/NFE/echo-discord-bot/.git/objects/55,code_github,code_and_registry_authority,authority_or_active,1,72,
63,/Users/drmarchandslab.com/Developer/NFE/echo-discord-bot/.git/objects/63,code_github,code_and_registry_authority,authority_or_active,2,72,
0f,/Users/drmarchandslab.com/Developer/NFE/echo-discord-bot/.git/objects/0f,code_github,code_and_registry_authority,authority_or_active,1,72,
90,/Users/drmarchandslab.com/Developer/NFE/echo-discord-bot/.git/objects/90,code_github,code_and_registry_authority,authority_or_active,3,72,
d4,/Users/drmarchandslab.com/Developer/NFE/echo-discord-bot/.git/objects/d4,code_github,code_and_registry_authority,authority_or_active,1,72,
ba,/Users/drmarchandslab.com/Developer/NFE/echo-discord-bot/.git/objects/ba,code_github,code_and_registry_authority,authority_or_active,1,72,
a0,/Users/drmarchandslab.com/Developer/NFE/echo-discord-bot/.git/objects/a0,code_github,code_and_registry_authority,authority_or_active,1,72,
a7,/Users/drmarchandslab.com/Developer/NFE/echo-discord-bot/.git/objects/a7,code_github,code_and_registry_authority,authority_or_active,1,72,
b8,/Users/drmarchandslab.com/Developer/NFE/echo-discord-bot/.git/objects/b8,code_github,code_and_registry_authority,authority_or_active,1,72,
dc,/Users/drmarchandslab.com/Developer/NFE/echo-discord-bot/.git/objects/dc,code_github,code_and_registry_authority,authority_or_active,1,72,
a9,/Users/drmarchandslab.com/Developer/NFE/echo-discord-bot/.git/objects/a9,code_github,code_and_registry_authority,authority_or_active,1,72,
af,/Users/drmarchandslab.com/Developer/NFE/echo-discord-bot/.git/objects/af,code_github,code_and_registry_authority,authority_or_active,1,72,
b7,/Users/drmarchandslab.com/Developer/NFE/echo-discord-bot/.git/objects/b7,code_github,code_and_registry_authority,authority_or_active,1,72,
a8,/Users/drmarchandslab.com/Developer/NFE/echo-discord-bot/.git/objects/a8,code_github,code_and_registry_authority,authority_or_active,1,72,
de,/Users/drmarchandslab.com/Developer/NFE/echo-discord-bot/.git/objects/de,code_github,code_and_registry_authority,authority_or_active,4,72,
b0,/Users/drmarchandslab.com/Developer/NFE/echo-discord-bot/.git/objects/b0,code_github,code_and_registry_authority,authority_or_active,2,72,
ef,/Users/drmarchandslab.com/Developer/NFE/echo-discord-bot/.git/objects/ef,code_github,code_and_registry_authority,authority_or_active,2,72,
c3,/Users/drmarchandslab.com/Developer/NFE/echo-discord-bot/.git/objects/c3,code_github,code_and_registry_authority,authority_or_active,1,72,
e1,/Users/drmarchandslab.com/Developer/NFE/echo-discord-bot/.git/objects/e1,code_github,code_and_registry_authority,authority_or_active,1,72,
cc,/Users/drmarchandslab.com/Developer/NFE/echo-discord-bot/.git/objects/cc,code_github,code_and_registry_authority,authority_or_active,2,72,
f9,/Users/drmarchandslab.com/Developer/NFE/echo-discord-bot/.git/objects/f9,code_github,code_and_registry_authority,authority_or_active,1,72,
e8,/Users/drmarchandslab.com/Developer/NFE/echo-discord-bot/.git/objects/e8,code_github,code_and_registry_authority,authority_or_active,1,72,
ff,/Users/drmarchandslab.com/Developer/NFE/echo-discord-bot/.git/objects/ff,code_github,code_and_registry_authority,authority_or_active,1,72,
c2,/Users/drmarchandslab.com/Developer/NFE/echo-discord-bot/.git/objects/c2,code_github,code_and_registry_authority,authority_or_active,1,72,
e9,/Users/drmarchandslab.com/Developer/NFE/echo-discord-bot/.git/objects/e9,code_github,code_and_registry_authority,authority_or_active,1,72,
f1,/Users/drmarchandslab.com/Developer/NFE/echo-discord-bot/.git/objects/f1,code_github,code_and_registry_authority,authority_or_active,2,72,
ce,/Users/drmarchandslab.com/Developer/NFE/echo-discord-bot/.git/objects/ce,code_github,code_and_registry_authority,authority_or_active,1,72,
e0,/Users/drmarchandslab.com/Developer/NFE/echo-discord-bot/.git/objects/e0,code_github,code_and_registry_authority,authority_or_active,1,72,
46,/Users/drmarchandslab.com/Developer/NFE/echo-discord-bot/.git/objects/46,code_github,code_and_registry_authority,authority_or_active,2,72,
2c,/Users/drmarchandslab.com/Developer/NFE/echo-discord-bot/.git/objects/2c,code_github,code_and_registry_authority,authority_or_active,1,72,
2d,/Users/drmarchandslab.com/Developer/NFE/echo-discord-bot/.git/objects/2d,code_github,code_and_registry_authority,authority_or_active,2,72,
41,/Users/drmarchandslab.com/Developer/NFE/echo-discord-bot/.git/objects/41,code_github,code_and_registry_authority,authority_or_active,1,72,
83,/Users/drmarchandslab.com/Developer/NFE/echo-discord-bot/.git/objects/83,code_github,code_and_registry_authority,authority_or_active,2,72,
1b,/Users/drmarchandslab.com/Developer/NFE/echo-discord-bot/.git/objects/1b,code_github,code_and_registry_authority,authority_or_active,1,72,
1e,/Users/drmarchandslab.com/Developer/NFE/echo-discord-bot/.git/objects/1e,code_github,code_and_registry_authority,authority_or_active,1,72,
24,/Users/drmarchandslab.com/Developer/NFE/echo-discord-bot/.git/objects/24,code_github,code_and_registry_authority,authority_or_active,3,72,
4f,/Users/drmarchandslab.com/Developer/NFE/echo-discord-bot/.git/objects/4f,code_github,code_and_registry_authority,authority_or_active,1,72,
15,/Users/drmarchandslab.com/Developer/NFE/echo-discord-bot/.git/objects/15,code_github,code_and_registry_authority,authority_or_active,1,72,
12,/Users/drmarchandslab.com/Developer/NFE/echo-discord-bot/.git/objects/12,code_github,code_and_registry_authority,authority_or_active,2,72,
8c,/Users/drmarchandslab.com/Developer/NFE/echo-discord-bot/.git/objects/8c,code_github,code_and_registry_authority,authority_or_active,1,72,
85,/Users/drmarchandslab.com/Developer/NFE/echo-discord-bot/.git/objects/85,code_github,code_and_registry_authority,authority_or_active,2,72,
71,/Users/drmarchandslab.com/Developer/NFE/echo-discord-bot/.git/objects/71,code_github,code_and_registry_authority,authority_or_active,2,72,
76,/Users/drmarchandslab.com/Developer/NFE/echo-discord-bot/.git/objects/76,code_github,code_and_registry_authority,authority_or_active,1,72,
1c,/Users/drmarchandslab.com/Developer/NFE/echo-discord-bot/.git/objects/1c,code_github,code_and_registry_authority,authority_or_active,1,72,
49,/Users/drmarchandslab.com/Developer/NFE/echo-discord-bot/.git/objects/49,code_github,code_and_registry_authority,authority_or_active,1,72,
40,/Users/drmarchandslab.com/Developer/NFE/echo-discord-bot/.git/objects/40,code_github,code_and_registry_authority,authority_or_active,1,72,
2e,/Users/drmarchandslab.com/Developer/NFE/echo-discord-bot/.git/objects/2e,code_github,code_and_registry_authority,authority_or_active,2,72,
2b,/Users/drmarchandslab.com/Developer/NFE/echo-discord-bot/.git/objects/2b,code_github,code_and_registry_authority,authority_or_active,1,72,
47,/Users/drmarchandslab.com/Developer/NFE/echo-discord-bot/.git/objects/47,code_github,code_and_registry_authority,authority_or_active,1,72,
8b,/Users/drmarchandslab.com/Developer/NFE/echo-discord-bot/.git/objects/8b,code_github,code_and_registry_authority,authority_or_active,1,72,
13,/Users/drmarchandslab.com/Developer/NFE/echo-discord-bot/.git/objects/13,code_github,code_and_registry_authority,authority_or_active,1,72,
7f,/Users/drmarchandslab.com/Developer/NFE/echo-discord-bot/.git/objects/7f,code_github,code_and_registry_authority,authority_or_active,1,72,
14,/Users/drmarchandslab.com/Developer/NFE/echo-discord-bot/.git/objects/14,code_github,code_and_registry_authority,authority_or_active,3,72,
info,/Users/drmarchandslab.com/Developer/NFE/echo-discord-bot/.git/info,code_github,code_and_registry_authority,authority_or_active,1,66,
logs,/Users/drmarchandslab.com/Developer/NFE/echo-discord-bot/.git/logs,code_github,code_and_registry_authority,authority_or_active,1,66,
refs,/Users/drmarchandslab.com/Developer/NFE/echo-discord-bot/.git/logs/refs,code_github,code_and_registry_authority,authority_or_active,0,71,
heads,/Users/drmarchandslab.com/Developer/NFE/echo-discord-bot/.git/logs/refs/heads,code_github,code_and_registry_authority,authority_or_active,1,77,
remotes,/Users/drmarchandslab.com/Developer/NFE/echo-discord-bot/.git/logs/refs/remotes,code_github,code_and_registry_authority,authority_or_active,0,79,
hooks,/Users/drmarchandslab.com/Developer/NFE/echo-discord-bot/.git/hooks,code_github,code_and_registry_authority,authority_or_active,14,67,
refs,/Users/drmarchandslab.com/Developer/NFE/echo-discord-bot/.git/refs,code_github,code_and_registry_authority,authority_or_active,0,66,
heads,/Users/drmarchandslab.com/Developer/NFE/echo-discord-bot/.git/refs/heads,code_github,code_and_registry_authority,authority_or_active,1,72,
tags,/Users/drmarchandslab.com/Developer/NFE/echo-discord-bot/.git/refs/tags,code_github,code_and_registry_authority,authority_or_active,0,71,
remotes,/Users/drmarchandslab.com/Developer/NFE/echo-discord-bot/.git/refs/remotes,code_github,code_and_registry_authority,authority_or_active,0,74,
origin,/Users/drmarchandslab.com/Developer/NFE/echo-discord-bot/.git/refs/remotes/origin,code_github,code_and_registry_authority,authority_or_active,1,81,
reports,/Users/drmarchandslab.com/Developer/NFE/echo-discord-bot/reports,code_github,code_and_registry_authority,authority_or_active,12,64,
Downloads,/Users/drmarchandslab.com/Downloads,downloads,local_staging,dumpster_or_review,25,35,
.tmp.drivedownload,/Users/drmarchandslab.com/Downloads/.tmp.drivedownload,downloads,local_staging,graveyard_candidate,0,54,quarantine pattern detected
🔬 Downloads,/Users/drmarchandslab.com/Downloads/🔬 Downloads,downloads,local_staging,dumpster_or_review,33,47,
Camera Uploads,/Users/drmarchandslab.com/Downloads/🔬 Downloads/Camera Uploads,downloads,local_staging,dumpster_or_review,2697,62,
Desktop,/Users/drmarchandslab.com/Desktop,desktop,local_staging,dumpster_or_review,4,33,
.tmp.driveupload,/Users/drmarchandslab.com/Desktop/.tmp.driveupload,desktop,local_staging,graveyard_candidate,0,50,quarantine pattern detected
.tmp.drivedownload,/Users/drmarchandslab.com/Desktop/.tmp.drivedownload,desktop,local_staging,graveyard_candidate,0,52,quarantine pattern detected
NFE_SPACE_RECOVERY,/Users/drmarchandslab.com/Desktop/NFE_SPACE_RECOVERY,desktop,local_staging,dumpster_or_review,2,52,
Documents,/Users/drmarchandslab.com/Documents,documents,local_unclassified,dumpster_or_review,11,35,
.tmp.driveupload,/Users/drmarchandslab.com/Documents/.tmp.driveupload,documents,local_unclassified,graveyard_candidate,10,52,quarantine pattern detected
Adobe,/Users/drmarchandslab.com/Documents/Adobe,documents,local_unclassified,dumpster_or_review,2,41,
Adobe Media Encoder (Beta),/Users/drmarchandslab.com/Documents/Adobe/Adobe Media Encoder (Beta),documents,local_unclassified,dumpster_or_review,1,68,
Photoshop Cloud Associates,/Users/drmarchandslab.com/Documents/Adobe/Photoshop Cloud Associates,documents,local_unclassified,dumpster_or_review,1,68,
